beta,deficit
0.5,0.45063795905743936
1.0,0.43818805151050544
2.0,0.4343780639472524
4.0,0.4361679026643592
8.0,0.43693779652429116
